START DATE,END DATE,SUBJECT,LOCATION,START TIME (PT),START TIME (MT),START TIME (CT),START TIME (ET),END TIME (PT),END TIME (MT),END TIME (CT),END TIME (ET),DESCRIPTION,SHOW TIME AS,CATEGORIES,AWAY,HOME,day
9/5/2012,9/5/2012,NFL Week 1:  Cowboys @ Giants,New Meadowlands Stadium,5:30 PM,6:30 PM,7:30 PM,8:30 PM,8:30 PM,9:30 PM,10:30 PM,11:30 PM,www.MySportsCal.com,FREE,NFL2012,Cowboys ,Gaints,wed
9/9/2012,9/9/2012,NFL Week 1:  Colts @ Bears,Soldier Field,10:00 AM,11:00 AM,12:00 PM,1:00 PM,1:00 PM,2:00 PM,3:00 PM,4:00 PM,www.MySportsCal.com,FREE,NFL2012,Colts ,Bears,sun
9/9/2012,9/9/2012,NFL Week 1:  Steelers @ Broncos,Invesco Field at Mile High,5:20 PM,6:20 PM,7:20 PM,8:20 PM,8:20 PM,9:20 PM,10:20 PM,11:20 PM,www.MySportsCal.com,FREE,NFL2012,Steelers ,Broncos,sun
9/9/2012,9/9/2012,NFL Week 1:  Eagles @ Browns,Cleveland Browns Stadium,10:00 AM,11:00 AM,12:00 PM,1:00 PM,1:00 PM,2:00 PM,3:00 PM,4:00 PM,www.MySportsCal.com,FREE,NFL2012,Eagles ,Browns,sun
9/9/2012,9/9/2012,NFL Week 1:  Panthers @ Buccaneers,Raymond James Stadium,1:15 PM,2:15 PM,3:15 PM,4:15 PM,4:15 PM,5:15 PM,6:15 PM,7:15 PM,www.MySportsCal.com,FREE,NFL2012,Panthers ,Buccaneers,sun
9/9/2012,9/9/2012,NFL Week 1:  Seahawks @ Cardinals,University of Phoenix Stadium,1:15 PM,2:15 PM,3:15 PM,4:15 PM,4:15 PM,5:15 PM,6:15 PM,7:15 PM,www.MySportsCal.com,FREE,NFL2012,Seahawks ,Cardinals,sun
9/9/2012,9/9/2012,NFL Week 1:  Falcons @ Chiefs,Arrowhead Stadium,10:00 AM,11:00 AM,12:00 PM,1:00 PM,1:00 PM,2:00 PM,3:00 PM,4:00 PM,www.MySportsCal.com,FREE,NFL2012,Falcons ,Chiefs,sun
9/9/2012,9/9/2012,NFL Week 1:  Bills @ Jets,New Meadowlands Stadium,10:00 AM,11:00 AM,12:00 PM,1:00 PM,1:00 PM,2:00 PM,3:00 PM,4:00 PM,www.MySportsCal.com,FREE,NFL2012,Bills ,Jets,sun
9/9/2012,9/9/2012,NFL Week 1:  Rams @ Lions,Ford Field,10:00 AM,11:00 AM,12:00 PM,1:00 PM,1:00 PM,2:00 PM,3:00 PM,4:00 PM,www.MySportsCal.com,FREE,NFL2012,Rams ,Lions,sun
9/9/2012,9/9/2012,NFL Week 1:  49ers @ Packers,Lambeau Field,1:15 PM,2:15 PM,3:15 PM,4:15 PM,4:15 PM,5:15 PM,6:15 PM,7:15 PM,www.MySportsCal.com,FREE,NFL2012,49ers ,Packers,sun
9/9/2012,9/9/2012,NFL Week 1:  Redskins @ Saints,Superdome,10:00 AM,11:00 AM,12:00 PM,1:00 PM,1:00 PM,2:00 PM,3:00 PM,4:00 PM,www.MySportsCal.com,FREE,NFL2012,Redskins ,Saints,sun
9/9/2012,9/9/2012,NFL Week 1:  Dolphins @ Texans,Reliant Stadium,10:00 AM,11:00 AM,12:00 PM,1:00 PM,1:00 PM,2:00 PM,3:00 PM,4:00 PM,www.MySportsCal.com,FREE,NFL2012,Dolphins ,Texans,sun
9/9/2012,9/9/2012,NFL Week 1:  Patriots @ Titans,LP Field,10:00 AM,11:00 AM,12:00 PM,1:00 PM,1:00 PM,2:00 PM,3:00 PM,4:00 PM,www.MySportsCal.com,FREE,NFL2012,Patriots ,Titans,sun
9/9/2012,9/9/2012,NFL Week 1:  Jaguars @ Vikings,Mall of America Field,10:00 AM,11:00 AM,12:00 PM,1:00 PM,1:00 PM,2:00 PM,3:00 PM,4:00 PM,www.MySportsCal.com,FREE,NFL2012,Jaguars ,Vikings,sun
9/10/2012,9/10/2012,NFL Week 1:  Chargers @ Raiders,Oakland Coliseum,7:15 PM,8:15 PM,9:15 PM,10:15 PM,10:15 PM,11:15 PM,11:59 PM,11:59 PM,www.MySportsCal.com,FREE,NFL2012,Chargers ,Raiders,mon
9/10/2012,9/10/2012,NFL Week 1:  Bengals @ Ravens,M&T Bank Stadium,4:00 PM,5:00 PM,6:00 PM,7:00 PM,7:00 PM,8:00 PM,9:00 PM,10:00 PM,www.MySportsCal.com,FREE,NFL2012,Bengals ,Ravens,mon
9/13/2012,9/13/2012,NFL Week 2:  Bears @ Packers,Lambeau Field,5:20 PM,6:20 PM,7:20 PM,8:20 PM,8:20 PM,9:20 PM,10:20 PM,11:20 PM,www.MySportsCal.com,FREE,NFL2012,Bears ,Packers,thurs
9/16/2012,9/16/2012,NFL Week 2:  Lions @ 49ers,Candlestick Park,5:20 PM,6:20 PM,7:20 PM,8:20 PM,8:20 PM,9:20 PM,10:20 PM,11:20 PM,www.MySportsCal.com,FREE,NFL2012,Lions ,49ers,sun
9/16/2012,9/16/2012,NFL Week 2:  Browns @ Bengals,Paul Brown Stadium,10:00 AM,11:00 AM,12:00 PM,1:00 PM,1:00 PM,2:00 PM,3:00 PM,4:00 PM,www.MySportsCal.com,FREE,NFL2012,Browns ,Bengals,sun
9/16/2012,9/16/2012,NFL Week 2:  Chiefs @ Bills,Ralph Wilson Stadium,10:00 AM,11:00 AM,12:00 PM,1:00 PM,1:00 PM,2:00 PM,3:00 PM,4:00 PM,www.MySportsCal.com,FREE,NFL2012,Chiefs ,Bills,sun
9/16/2012,9/16/2012,NFL Week 2:  Titans @ Chargers,Qualcomm Stadium,1:15 PM,2:15 PM,3:15 PM,4:15 PM,4:15 PM,5:15 PM,6:15 PM,7:15 PM,www.MySportsCal.com,FREE,NFL2012,Titans ,Chargers,sun
9/16/2012,9/16/2012,NFL Week 2:  Vikings @ Colts,Lucas Oil Stadium,10:00 AM,11:00 AM,12:00 PM,1:00 PM,1:00 PM,2:00 PM,3:00 PM,4:00 PM,www.MySportsCal.com,FREE,NFL2012,Vikings ,Colts,sun
9/16/2012,9/16/2012,NFL Week 2:  Raiders @ Dolphins,Sun Life Stadium,1:15 PM,2:15 PM,3:15 PM,4:15 PM,4:15 PM,5:15 PM,6:15 PM,7:15 PM,www.MySportsCal.com,FREE,NFL2012,Raiders ,Dolphins,sun
9/16/2012,9/16/2012,NFL Week 2:  Ravens @ Eagles,Lincoln Financial Field,10:00 AM,11:00 AM,12:00 PM,1:00 PM,1:00 PM,2:00 PM,3:00 PM,4:00 PM,www.MySportsCal.com,FREE,NFL2012,Ravens ,Eagles,sun
9/16/2012,9/16/2012,NFL Week 2:  Buccaneers @ Giants,New Meadowlands Stadium,10:00 AM,11:00 AM,12:00 PM,1:00 PM,1:00 PM,2:00 PM,3:00 PM,4:00 PM,www.MySportsCal.com,FREE,NFL2012,Buccaneers ,Gaints,sun
9/16/2012,9/16/2012,NFL Week 2:  Texans @ Jaguars,EverBank Field,10:00 AM,11:00 AM,12:00 PM,1:00 PM,1:00 PM,2:00 PM,3:00 PM,4:00 PM,www.MySportsCal.com,FREE,NFL2012,Texans ,Jaguars,sun
9/16/2012,9/16/2012,NFL Week 2:  Saints @ Panthers,Bank of America Stadium,10:00 AM,11:00 AM,12:00 PM,1:00 PM,1:00 PM,2:00 PM,3:00 PM,4:00 PM,www.MySportsCal.com,FREE,NFL2012,Saints ,Panthers,sun
9/16/2012,9/16/2012,NFL Week 2:  Cardinals @ Patriots,Gillette Stadium,10:00 AM,11:00 AM,12:00 PM,1:00 PM,1:00 PM,2:00 PM,3:00 PM,4:00 PM,www.MySportsCal.com,FREE,NFL2012,Cardinals ,Patriots,sun
9/16/2012,9/16/2012,NFL Week 2:  Redskins @ Rams,Edward Jones Dome,1:05 PM,2:05 PM,3:05 PM,4:05 PM,4:05 PM,5:05 PM,6:05 PM,7:05 PM,www.MySportsCal.com,FREE,NFL2012,Redskins ,Rams,sun
9/16/2012,9/16/2012,NFL Week 2:  Cowboys @ Seahawks,Qwest Field,1:05 PM,2:05 PM,3:05 PM,4:05 PM,4:05 PM,5:05 PM,6:05 PM,7:05 PM,www.MySportsCal.com,FREE,NFL2012,Cowboys ,Seahawks,sun
9/16/2012,9/16/2012,NFL Week 2:  Jets @ Steelers,Heinz Field,1:15 PM,2:15 PM,3:15 PM,4:15 PM,4:15 PM,5:15 PM,6:15 PM,7:15 PM,www.MySportsCal.com,FREE,NFL2012,Jets ,Steelers,sun
9/17/2012,9/17/2012,NFL Week 2:  Broncos @ Falcons,Georgia Dome,5:30 PM,6:30 PM,7:30 PM,8:30 PM,8:30 PM,9:30 PM,10:30 PM,11:30 PM,www.MySportsCal.com,FREE,NFL2012,Broncos ,Falcons,mon
9/20/2012,9/20/2012,NFL Week 3:  Giants @ Panthers,Bank of America Stadium,5:20 PM,6:20 PM,7:20 PM,8:20 PM,8:20 PM,9:20 PM,10:20 PM,11:20 PM,www.MySportsCal.com,FREE,NFL2012,Gaints ,Panthers,thurs
9/23/2012,9/23/2012,NFL Week 3:  Rams @ Bears,Soldier Field,10:00 AM,11:00 AM,12:00 PM,1:00 PM,1:00 PM,2:00 PM,3:00 PM,4:00 PM,www.MySportsCal.com,FREE,NFL2012,Rams ,Bears,sun
9/23/2012,9/23/2012,NFL Week 3:  Texans @ Broncos,Invesco Field at Mile High,1:15 PM,2:15 PM,3:15 PM,4:15 PM,4:15 PM,5:15 PM,6:15 PM,7:15 PM,www.MySportsCal.com,FREE,NFL2012,Texans ,Broncos,sun
9/23/2012,9/23/2012,NFL Week 3:  Bills @ Browns,Cleveland Browns Stadium,10:00 AM,11:00 AM,12:00 PM,1:00 PM,1:00 PM,2:00 PM,3:00 PM,4:00 PM,www.MySportsCal.com,FREE,NFL2012,Bills ,Browns,sun
9/23/2012,9/23/2012,NFL Week 3:  Eagles @ Cardinals,University of Phoenix Stadium,1:05 PM,2:05 PM,3:05 PM,4:05 PM,4:05 PM,5:05 PM,6:05 PM,7:05 PM,www.MySportsCal.com,FREE,NFL2012,Eagles ,Cardinals,sun
9/23/2012,9/23/2012,NFL Week 3:  Falcons @ Chargers,Qualcomm Stadium,1:05 PM,2:05 PM,3:05 PM,4:05 PM,4:05 PM,5:05 PM,6:05 PM,7:05 PM,www.MySportsCal.com,FREE,NFL2012,Falcons ,Chargers,sun
9/23/2012,9/23/2012,NFL Week 3:  Jaguars @ Colts,Lucas Oil Stadium,10:00 AM,11:00 AM,12:00 PM,1:00 PM,1:00 PM,2:00 PM,3:00 PM,4:00 PM,www.MySportsCal.com,FREE,NFL2012,Jaguars ,Colts,sun
9/23/2012,9/23/2012,NFL Week 3:  Buccaneers @ Cowboys,Cowboys Stadium,10:00 AM,11:00 AM,12:00 PM,1:00 PM,1:00 PM,2:00 PM,3:00 PM,4:00 PM,www.MySportsCal.com,FREE,NFL2012,Buccaneers ,Cowboys,sun
9/23/2012,9/23/2012,NFL Week 3:  Jets @ Dolphins,Sun Life Stadium,10:00 AM,11:00 AM,12:00 PM,1:00 PM,1:00 PM,2:00 PM,3:00 PM,4:00 PM,www.MySportsCal.com,FREE,NFL2012,Jets ,Dolphins,sun
9/23/2012,9/23/2012,NFL Week 3:  Steelers @ Raiders,Oakland Coliseum,1:15 PM,2:15 PM,3:15 PM,4:15 PM,4:15 PM,5:15 PM,6:15 PM,7:15 PM,www.MySportsCal.com,FREE,NFL2012,Steelers ,Raiders,sun
9/23/2012,9/23/2012,NFL Week 3:  Patriots @ Ravens,M&T Bank Stadium,5:20 PM,6:20 PM,7:20 PM,8:20 PM,8:20 PM,9:20 PM,10:20 PM,11:20 PM,www.MySportsCal.com,FREE,NFL2012,Patriots ,Ravens,sun
9/23/2012,9/23/2012,NFL Week 3:  Bengals @ Redskins,FedEx Field,10:00 AM,11:00 AM,12:00 PM,1:00 PM,1:00 PM,2:00 PM,3:00 PM,4:00 PM,www.MySportsCal.com,FREE,NFL2012,Bengals ,Redskins,sun
9/23/2012,9/23/2012,NFL Week 3:  Chiefs @ Saints,Superdome,10:00 AM,11:00 AM,12:00 PM,1:00 PM,1:00 PM,2:00 PM,3:00 PM,4:00 PM,www.MySportsCal.com,FREE,NFL2012,Chiefs ,Saints,sun
9/23/2012,9/23/2012,NFL Week 3:  Lions @ Titans,LP Field,10:00 AM,11:00 AM,12:00 PM,1:00 PM,1:00 PM,2:00 PM,3:00 PM,4:00 PM,www.MySportsCal.com,FREE,NFL2012,Lions ,Titans,sun
9/23/2012,9/23/2012,NFL Week 3:  49ers @ Vikings,Mall of America Field,10:00 AM,11:00 AM,12:00 PM,1:00 PM,1:00 PM,2:00 PM,3:00 PM,4:00 PM,www.MySportsCal.com,FREE,NFL2012,49ers ,Vikings,sun
9/24/2012,9/24/2012,NFL Week 3:  Packers @ Seahawks,Qwest Field,5:30 PM,6:30 PM,7:30 PM,8:30 PM,8:30 PM,9:30 PM,10:30 PM,11:30 PM,www.MySportsCal.com,FREE,NFL2012,Packers ,Seahawks,mon
9/27/2012,9/27/2012,NFL Week 4:  Browns @ Ravens,M&T Bank Stadium,5:20 PM,6:20 PM,7:20 PM,8:20 PM,8:20 PM,9:20 PM,10:20 PM,11:20 PM,"BYE: Colts, Steelers - www.MySportsCal.com",FREE,NFL2012,Browns ,Ravens,thurs
9/30/2012,9/30/2012,NFL Week 4:  Patriots @ Bills,Ralph Wilson Stadium,10:00 AM,11:00 AM,12:00 PM,1:00 PM,1:00 PM,2:00 PM,3:00 PM,4:00 PM,"BYE: Colts, Steelers - www.MySportsCal.com",FREE,NFL2012,Patriots ,Bills,sun
9/30/2012,9/30/2012,NFL Week 4:  Raiders @ Broncos,Invesco Field at Mile High,1:05 PM,2:05 PM,3:05 PM,4:05 PM,4:05 PM,5:05 PM,6:05 PM,7:05 PM,"BYE: Colts, Steelers - www.MySportsCal.com",FREE,NFL2012,Raiders ,Broncos,sun
9/30/2012,9/30/2012,NFL Week 4:  Redskins @ Buccaneers,Raymond James Stadium,1:15 PM,2:15 PM,3:15 PM,4:15 PM,4:15 PM,5:15 PM,6:15 PM,7:15 PM,"BYE: Colts, Steelers - www.MySportsCal.com",FREE,NFL2012,Redskins ,Buccaneers,sun
9/30/2012,9/30/2012,NFL Week 4:  Dolphins @ Cardinals,University of Phoenix Stadium,1:05 PM,2:05 PM,3:05 PM,4:05 PM,4:05 PM,5:05 PM,6:05 PM,7:05 PM,"BYE: Colts, Steelers - www.MySportsCal.com",FREE,NFL2012,Dolphins ,Cardinals,sun
9/30/2012,9/30/2012,NFL Week 4:  Chargers @ Chiefs,Arrowhead Stadium,10:00 AM,11:00 AM,12:00 PM,1:00 PM,1:00 PM,2:00 PM,3:00 PM,4:00 PM,"BYE: Colts, Steelers - www.MySportsCal.com",FREE,NFL2012,Chargers ,Chiefs,sun
9/30/2012,9/30/2012,NFL Week 4:  Giants @ Eagles,Lincoln Financial Field,5:20 PM,6:20 PM,7:20 PM,8:20 PM,8:20 PM,9:20 PM,10:20 PM,11:20 PM,"BYE: Colts, Steelers - www.MySportsCal.com",FREE,NFL2012,Gaints ,Eagles,sun
9/30/2012,9/30/2012,NFL Week 4:  Panthers @ Falcons,Georgia Dome,10:00 AM,11:00 AM,12:00 PM,1:00 PM,1:00 PM,2:00 PM,3:00 PM,4:00 PM,"BYE: Colts, Steelers - www.MySportsCal.com",FREE,NFL2012,Panthers ,Falcons,sun
9/30/2012,9/30/2012,NFL Week 4:  Bengals @ Jaguars,EverBank Field,1:05 PM,2:05 PM,3:05 PM,4:05 PM,4:05 PM,5:05 PM,6:05 PM,7:05 PM,"BYE: Colts, Steelers - www.MySportsCal.com",FREE,NFL2012,Bengals ,Jaguars,sun
9/30/2012,9/30/2012,NFL Week 4:  49ers @ Jets,New Meadowlands Stadium,10:00 AM,11:00 AM,12:00 PM,1:00 PM,1:00 PM,2:00 PM,3:00 PM,4:00 PM,"BYE: Colts, Steelers - www.MySportsCal.com",FREE,NFL2012,49ers ,Jets,sun
9/30/2012,9/30/2012,NFL Week 4:  Vikings @ Lions,Ford Field,10:00 AM,11:00 AM,12:00 PM,1:00 PM,1:00 PM,2:00 PM,3:00 PM,4:00 PM,"BYE: Colts, Steelers - www.MySportsCal.com",FREE,NFL2012,Vikings ,Lions,sun
9/30/2012,9/30/2012,NFL Week 4:  Saints @ Packers,Lambeau Field,1:15 PM,2:15 PM,3:15 PM,4:15 PM,4:15 PM,5:15 PM,6:15 PM,7:15 PM,"BYE: Colts, Steelers - www.MySportsCal.com",FREE,NFL2012,Saints ,Packers,sun
9/30/2012,9/30/2012,NFL Week 4:  Seahawks @ Rams,Edward Jones Dome,10:00 AM,11:00 AM,12:00 PM,1:00 PM,1:00 PM,2:00 PM,3:00 PM,4:00 PM,"BYE: Colts, Steelers - www.MySportsCal.com",FREE,NFL2012,Seahawks ,Rams,sun
9/30/2012,9/30/2012,NFL Week 4:  Titans @ Texans,Reliant Stadium,10:00 AM,11:00 AM,12:00 PM,1:00 PM,1:00 PM,2:00 PM,3:00 PM,4:00 PM,"BYE: Colts, Steelers - www.MySportsCal.com",FREE,NFL2012,Titans ,Texans,sun
10/1/2012,10/1/2012,NFL Week 4:  Bears @ Cowboys,Cowboys Stadium,5:30 PM,6:30 PM,7:30 PM,8:30 PM,8:30 PM,9:30 PM,10:30 PM,11:30 PM,"BYE: Colts, Steelers - www.MySportsCal.com",FREE,NFL2012,Bears ,Cowboys,mon
10/4/2012,10/4/2012,NFL Week 5:  Cardinals @ Rams,Edward Jones Dome,5:20 PM,6:20 PM,7:20 PM,8:20 PM,8:20 PM,9:20 PM,10:20 PM,11:20 PM,"BYE: Cowboys, Lions, Raiders, Bucs - www.MySportsCal.com",FREE,NFL2012,Cardinals ,Rams,thurs
10/7/2012,10/7/2012,NFL Week 5:  Bills @ 49ers,Candlestick Park,1:15 PM,2:15 PM,3:15 PM,4:15 PM,4:15 PM,5:15 PM,6:15 PM,7:15 PM,"BYE: Cowboys, Lions, Raiders, Bucs - www.MySportsCal.com",FREE,NFL2012,Bills ,49ers,sun
10/7/2012,10/7/2012,NFL Week 5:  Dolphins @ Bengals,Paul Brown Stadium,10:00 AM,11:00 AM,12:00 PM,1:00 PM,1:00 PM,2:00 PM,3:00 PM,4:00 PM,"BYE: Cowboys, Lions, Raiders, Bucs - www.MySportsCal.com",FREE,NFL2012,Dolphins ,Bengals,sun
10/7/2012,10/7/2012,NFL Week 5:  Ravens @ Chiefs,Arrowhead Stadium,10:00 AM,11:00 AM,12:00 PM,1:00 PM,1:00 PM,2:00 PM,3:00 PM,4:00 PM,"BYE: Cowboys, Lions, Raiders, Bucs - www.MySportsCal.com",FREE,NFL2012,Ravens ,Chiefs,sun
10/7/2012,10/7/2012,NFL Week 5:  Packers @ Colts,Lucas Oil Stadium,10:00 AM,11:00 AM,12:00 PM,1:00 PM,1:00 PM,2:00 PM,3:00 PM,4:00 PM,"BYE: Cowboys, Lions, Raiders, Bucs - www.MySportsCal.com",FREE,NFL2012,Packers ,Colts,sun
10/7/2012,10/7/2012,NFL Week 5:  Browns @ Giants,New Meadowlands Stadium,10:00 AM,11:00 AM,12:00 PM,1:00 PM,1:00 PM,2:00 PM,3:00 PM,4:00 PM,"BYE: Cowboys, Lions, Raiders, Bucs - www.MySportsCal.com",FREE,NFL2012,Browns ,Gaints,sun
10/7/2012,10/7/2012,NFL Week 5:  Bears @ Jaguars,EverBank Field,1:05 PM,2:05 PM,3:05 PM,4:05 PM,4:05 PM,5:05 PM,6:05 PM,7:05 PM,"BYE: Cowboys, Lions, Raiders, Bucs - www.MySportsCal.com",FREE,NFL2012,Bears ,Jaguars,sun
10/7/2012,10/7/2012,NFL Week 5:  Seahawks @ Panthers,Bank of America Stadium,1:05 PM,2:05 PM,3:05 PM,4:05 PM,4:05 PM,5:05 PM,6:05 PM,7:05 PM,"BYE: Cowboys, Lions, Raiders, Bucs - www.MySportsCal.com",FREE,NFL2012,Seahawks ,Panthers,sun
10/7/2012,10/7/2012,NFL Week 5:  Broncos @ Patriots,Gillette Stadium,1:15 PM,2:15 PM,3:15 PM,4:15 PM,4:15 PM,5:15 PM,6:15 PM,7:15 PM,"BYE: Cowboys, Lions, Raiders, Bucs - www.MySportsCal.com",FREE,NFL2012,Broncos ,Patriots,sun
10/7/2012,10/7/2012,NFL Week 5:  Falcons @ Redskins,FedEx Field,10:00 AM,11:00 AM,12:00 PM,1:00 PM,1:00 PM,2:00 PM,3:00 PM,4:00 PM,"BYE: Cowboys, Lions, Raiders, Bucs - www.MySportsCal.com",FREE,NFL2012,Falcons ,Redskins,sun
10/7/2012,10/7/2012,NFL Week 5:  Chargers @ Saints,Superdome,5:20 PM,6:20 PM,7:20 PM,8:20 PM,8:20 PM,9:20 PM,10:20 PM,11:20 PM,"BYE: Cowboys, Lions, Raiders, Bucs - www.MySportsCal.com",FREE,NFL2012,Chargers ,Saints,sun
10/7/2012,10/7/2012,NFL Week 5:  Eagles @ Steelers,Heinz Field,10:00 AM,11:00 AM,12:00 PM,1:00 PM,1:00 PM,2:00 PM,3:00 PM,4:00 PM,"BYE: Cowboys, Lions, Raiders, Bucs - www.MySportsCal.com",FREE,NFL2012,Eagles ,Steelers,sun
10/7/2012,10/7/2012,NFL Week 5:  Titans @ Vikings,Mall of America Field,10:00 AM,11:00 AM,12:00 PM,1:00 PM,1:00 PM,2:00 PM,3:00 PM,4:00 PM,"BYE: Cowboys, Lions, Raiders, Bucs - www.MySportsCal.com",FREE,NFL2012,Titans ,Vikings,sun
10/8/2012,10/8/2012,NFL Week 5:  Texans @ Jets,New Meadowlands Stadium,5:30 PM,6:30 PM,7:30 PM,8:30 PM,8:30 PM,9:30 PM,10:30 PM,11:30 PM,"BYE: Cowboys, Lions, Raiders, Bucs - www.MySportsCal.com",FREE,NFL2012,Texans ,Jets,mon
10/11/2012,10/11/2012,NFL Week 6:  Steelers @ Titans,LP Field,5:20 PM,6:20 PM,7:20 PM,8:20 PM,8:20 PM,9:20 PM,10:20 PM,11:20 PM,"BYE: Bears, Saints, Panthers, Jaguars - www.MySportsCal.com",FREE,NFL2012,Steelers ,Titans,thurs
10/14/2012,10/14/2012,NFL Week 6:  Giants @ 49ers,Candlestick Park,1:15 PM,2:15 PM,3:15 PM,4:15 PM,4:15 PM,5:15 PM,6:15 PM,7:15 PM,"BYE: Bears, Saints, Panthers, Jaguars - www.MySportsCal.com",FREE,NFL2012,Gaints ,49ers,sun
10/14/2012,10/14/2012,NFL Week 6:  Bengals @ Browns,Cleveland Browns Stadium,10:00 AM,11:00 AM,12:00 PM,1:00 PM,1:00 PM,2:00 PM,3:00 PM,4:00 PM,"BYE: Bears, Saints, Panthers, Jaguars - www.MySportsCal.com",FREE,NFL2012,Bengals ,Browns,sun
10/14/2012,10/14/2012,NFL Week 6:  Chiefs @ Buccaneers,Raymond James Stadium,10:00 AM,11:00 AM,12:00 PM,1:00 PM,1:00 PM,2:00 PM,3:00 PM,4:00 PM,"BYE: Bears, Saints, Panthers, Jaguars - www.MySportsCal.com",FREE,NFL2012,Chiefs ,Buccaneers,sun
10/14/2012,10/14/2012,NFL Week 6:  Bills @ Cardinals,University of Phoenix Stadium,1:05 PM,2:05 PM,3:05 PM,4:05 PM,4:05 PM,5:05 PM,6:05 PM,7:05 PM,"BYE: Bears, Saints, Panthers, Jaguars - www.MySportsCal.com",FREE,NFL2012,Bills ,Cardinals,sun
10/14/2012,10/14/2012,NFL Week 6:  Rams @ Dolphins,Sun Life Stadium,10:00 AM,11:00 AM,12:00 PM,1:00 PM,1:00 PM,2:00 PM,3:00 PM,4:00 PM,"BYE: Bears, Saints, Panthers, Jaguars - www.MySportsCal.com",FREE,NFL2012,Rams ,Dolphins,sun
10/14/2012,10/14/2012,NFL Week 6:  Lions @ Eagles,Lincoln Financial Field,10:00 AM,11:00 AM,12:00 PM,1:00 PM,1:00 PM,2:00 PM,3:00 PM,4:00 PM,"BYE: Bears, Saints, Panthers, Jaguars - www.MySportsCal.com",FREE,NFL2012,Lions ,Eagles,sun
10/14/2012,10/14/2012,NFL Week 6:  Raiders @ Falcons,Georgia Dome,10:00 AM,11:00 AM,12:00 PM,1:00 PM,1:00 PM,2:00 PM,3:00 PM,4:00 PM,"BYE: Bears, Saints, Panthers, Jaguars - www.MySportsCal.com",FREE,NFL2012,Raiders ,Falcons,sun
10/14/2012,10/14/2012,NFL Week 6:  Colts @ Jets,New Meadowlands Stadium,10:00 AM,11:00 AM,12:00 PM,1:00 PM,1:00 PM,2:00 PM,3:00 PM,4:00 PM,"BYE: Bears, Saints, Panthers, Jaguars - www.MySportsCal.com",FREE,NFL2012,Colts ,Jets,sun
10/14/2012,10/14/2012,NFL Week 6:  Cowboys @ Ravens,M&T Bank Stadium,10:00 AM,11:00 AM,12:00 PM,1:00 PM,1:00 PM,2:00 PM,3:00 PM,4:00 PM,"BYE: Bears, Saints, Panthers, Jaguars - www.MySportsCal.com",FREE,NFL2012,Cowboys ,Ravens,sun
10/14/2012,10/14/2012,NFL Week 6:  Vikings @ Redskins,FedEx Field,1:15 PM,2:15 PM,3:15 PM,4:15 PM,4:15 PM,5:15 PM,6:15 PM,7:15 PM,"BYE: Bears, Saints, Panthers, Jaguars - www.MySportsCal.com",FREE,NFL2012,Vikings ,Redskins,sun
10/14/2012,10/14/2012,NFL Week 6:  Patriots @ Seahawks,Qwest Field,1:05 PM,2:05 PM,3:05 PM,4:05 PM,4:05 PM,5:05 PM,6:05 PM,7:05 PM,"BYE: Bears, Saints, Panthers, Jaguars - www.MySportsCal.com",FREE,NFL2012,Patriots ,Seahawks,sun
10/14/2012,10/14/2012,NFL Week 6:  Packers @ Texans,Reliant Stadium,5:20 PM,6:20 PM,7:20 PM,8:20 PM,8:20 PM,9:20 PM,10:20 PM,11:20 PM,"BYE: Bears, Saints, Panthers, Jaguars - www.MySportsCal.com",FREE,NFL2012,Packers ,Texans,sun
10/15/2012,10/15/2012,NFL Week 6:  Broncos @ Chargers,Qualcomm Stadium,5:30 PM,6:30 PM,7:30 PM,8:30 PM,8:30 PM,9:30 PM,10:30 PM,11:30 PM,"BYE: Bears, Saints, Panthers, Jaguars - www.MySportsCal.com",FREE,NFL2012,Broncos ,Chargers,mon
10/18/2012,10/18/2012,NFL Week 7:  Seahawks @ 49ers,Candlestick Park,5:20 PM,6:20 PM,7:20 PM,8:20 PM,8:20 PM,9:20 PM,10:20 PM,11:20 PM,"BYE: Falcons, Broncos, Chiefs, Dolphins, Eagles, Chargers - www.MySportsCal.com",FREE,NFL2012,Seahawks ,49ers,thurs
10/21/2012,10/21/2012,NFL Week 7:  Steelers @ Bengals,Paul Brown Stadium,5:20 PM,6:20 PM,7:20 PM,8:20 PM,8:20 PM,9:20 PM,10:20 PM,11:20 PM,"BYE: Falcons, Broncos, Chiefs, Dolphins, Eagles, Chargers - www.MySportsCal.com",FREE,NFL2012,Steelers ,Bengals,sun
10/21/2012,10/21/2012,NFL Week 7:  Titans @ Bills,Ralph Wilson Stadium,10:00 AM,11:00 AM,12:00 PM,1:00 PM,1:00 PM,2:00 PM,3:00 PM,4:00 PM,"BYE: Falcons, Broncos, Chiefs, Dolphins, Eagles, Chargers - www.MySportsCal.com",FREE,NFL2012,Titans ,Bills,sun
10/21/2012,10/21/2012,NFL Week 7:  Saints @ Buccaneers,Raymond James Stadium,10:00 AM,11:00 AM,12:00 PM,1:00 PM,1:00 PM,2:00 PM,3:00 PM,4:00 PM,"BYE: Falcons, Broncos, Chiefs, Dolphins, Eagles, Chargers - www.MySportsCal.com",FREE,NFL2012,Saints ,Buccaneers,sun
10/21/2012,10/21/2012,NFL Week 7:  Browns @ Colts,Lucas Oil Stadium,10:00 AM,11:00 AM,12:00 PM,1:00 PM,1:00 PM,2:00 PM,3:00 PM,4:00 PM,"BYE: Falcons, Broncos, Chiefs, Dolphins, Eagles, Chargers - www.MySportsCal.com",FREE,NFL2012,Browns ,Colts,sun
10/21/2012,10/21/2012,NFL Week 7:  Redskins @ Giants,New Meadowlands Stadium,10:00 AM,11:00 AM,12:00 PM,1:00 PM,1:00 PM,2:00 PM,3:00 PM,4:00 PM,"BYE: Falcons, Broncos, Chiefs, Dolphins, Eagles, Chargers - www.MySportsCal.com",FREE,NFL2012,Redskins ,Gaints,sun
10/21/2012,10/21/2012,NFL Week 7:  Cowboys @ Panthers,Bank of America Stadium,10:00 AM,11:00 AM,12:00 PM,1:00 PM,1:00 PM,2:00 PM,3:00 PM,4:00 PM,"BYE: Falcons, Broncos, Chiefs, Dolphins, Eagles, Chargers - www.MySportsCal.com",FREE,NFL2012,Cowboys ,Panthers,sun
10/21/2012,10/21/2012,NFL Week 7:  Jets @ Patriots,Gillette Stadium,1:15 PM,2:15 PM,3:15 PM,4:15 PM,4:15 PM,5:15 PM,6:15 PM,7:15 PM,"BYE: Falcons, Broncos, Chiefs, Dolphins, Eagles, Chargers - www.MySportsCal.com",FREE,NFL2012,Jets ,Patriots,sun
10/21/2012,10/21/2012,NFL Week 7:  Jaguars @ Raiders,Oakland Coliseum,1:15 PM,2:15 PM,3:15 PM,4:15 PM,4:15 PM,5:15 PM,6:15 PM,7:15 PM,"BYE: Falcons, Broncos, Chiefs, Dolphins, Eagles, Chargers - www.MySportsCal.com",FREE,NFL2012,Jaguars ,Raiders,sun
10/21/2012,10/21/2012,NFL Week 7:  Packers @ Rams,Edward Jones Dome,10:00 AM,11:00 AM,12:00 PM,1:00 PM,1:00 PM,2:00 PM,3:00 PM,4:00 PM,"BYE: Falcons, Broncos, Chiefs, Dolphins, Eagles, Chargers - www.MySportsCal.com",FREE,NFL2012,Packers ,Rams,sun
10/21/2012,10/21/2012,NFL Week 7:  Ravens @ Texans,Reliant Stadium,10:00 AM,11:00 AM,12:00 PM,1:00 PM,1:00 PM,2:00 PM,3:00 PM,4:00 PM,"BYE: Falcons, Broncos, Chiefs, Dolphins, Eagles, Chargers - www.MySportsCal.com",FREE,NFL2012,Ravens ,Texans,sun
10/21/2012,10/21/2012,NFL Week 7:  Cardinals @ Vikings,Mall of America Field,10:00 AM,11:00 AM,12:00 PM,1:00 PM,1:00 PM,2:00 PM,3:00 PM,4:00 PM,"BYE: Falcons, Broncos, Chiefs, Dolphins, Eagles, Chargers - www.MySportsCal.com",FREE,NFL2012,Cardinals ,Vikings,sun
10/22/2012,10/22/2012,NFL Week 7:  Lions @ Bears,Soldier Field,5:30 PM,6:30 PM,7:30 PM,8:30 PM,8:30 PM,9:30 PM,10:30 PM,11:30 PM,"BYE: Falcons, Broncos, Chiefs, Dolphins, Eagles, Chargers - www.MySportsCal.com",FREE,NFL2012,Lions ,Bears,mon
10/25/2012,10/25/2012,NFL Week 8:  Buccaneers @ Vikings,Mall of America Field,5:20 PM,6:20 PM,7:20 PM,8:20 PM,8:20 PM,9:20 PM,10:20 PM,11:20 PM,"BYE: Bills, Bengals, Ravens, Texans - www.MySportsCal.com",FREE,NFL2012,Buccaneers ,Vikings,thurs
10/28/2012,10/28/2012,NFL Week 8:  Panthers @ Bears,Soldier Field,10:00 AM,11:00 AM,12:00 PM,1:00 PM,1:00 PM,2:00 PM,3:00 PM,4:00 PM,"BYE: Bills, Bengals, Ravens, Texans - www.MySportsCal.com",FREE,NFL2012,Panthers ,Bears,sun
10/28/2012,10/28/2012,NFL Week 8:  Saints @ Broncos,Invesco Field at Mile High,5:20 PM,6:20 PM,7:20 PM,8:20 PM,8:20 PM,9:20 PM,10:20 PM,11:20 PM,"BYE: Bills, Bengals, Ravens, Texans - www.MySportsCal.com",FREE,NFL2012,Saints ,Broncos,sun
10/28/2012,10/28/2012,NFL Week 8:  Chargers @ Browns,Cleveland Browns Stadium,10:00 AM,11:00 AM,12:00 PM,1:00 PM,1:00 PM,2:00 PM,3:00 PM,4:00 PM,"BYE: Bills, Bengals, Ravens, Texans - www.MySportsCal.com",FREE,NFL2012,Chargers ,Browns,sun
10/28/2012,10/28/2012,NFL Week 8:  Raiders @ Chiefs,Arrowhead Stadium,1:05 PM,2:05 PM,3:05 PM,4:05 PM,4:05 PM,5:05 PM,6:05 PM,7:05 PM,"BYE: Bills, Bengals, Ravens, Texans - www.MySportsCal.com",FREE,NFL2012,Raiders ,Chiefs,sun
10/28/2012,10/28/2012,NFL Week 8:  Giants @ Cowboys,Cowboys Stadium,1:15 PM,2:15 PM,3:15 PM,4:15 PM,4:15 PM,5:15 PM,6:15 PM,7:15 PM,"BYE: Bills, Bengals, Ravens, Texans - www.MySportsCal.com",FREE,NFL2012,Gaints ,Cowboys,sun
10/28/2012,10/28/2012,NFL Week 8:  Falcons @ Eagles,Lincoln Financial Field,10:00 AM,11:00 AM,12:00 PM,1:00 PM,1:00 PM,2:00 PM,3:00 PM,4:00 PM,"BYE: Bills, Bengals, Ravens, Texans - www.MySportsCal.com",FREE,NFL2012,Falcons ,Eagles,sun
10/28/2012,10/28/2012,NFL Week 8:  Dolphins @ Jets,New Meadowlands Stadium,10:00 AM,11:00 AM,12:00 PM,1:00 PM,1:00 PM,2:00 PM,3:00 PM,4:00 PM,"BYE: Bills, Bengals, Ravens, Texans - www.MySportsCal.com",FREE,NFL2012,Dolphins ,Jets,sun
10/28/2012,10/28/2012,NFL Week 8:  Seahawks @ Lions,Ford Field,10:00 AM,11:00 AM,12:00 PM,1:00 PM,1:00 PM,2:00 PM,3:00 PM,4:00 PM,"BYE: Bills, Bengals, Ravens, Texans - www.MySportsCal.com",FREE,NFL2012,Seahawks ,Lions,sun
10/28/2012,10/28/2012,NFL Week 8:  Jaguars @ Packers,Lambeau Field,10:00 AM,11:00 AM,12:00 PM,1:00 PM,1:00 PM,2:00 PM,3:00 PM,4:00 PM,"BYE: Bills, Bengals, Ravens, Texans - www.MySportsCal.com",FREE,NFL2012,Jaguars ,Packers,sun
10/28/2012,10/28/2012,NFL Week 8:  Patriots @ Rams,Edward Jones Dome,10:00 AM,11:00 AM,12:00 PM,1:00 PM,1:00 PM,2:00 PM,3:00 PM,4:00 PM,"BYE: Bills, Bengals, Ravens, Texans - www.MySportsCal.com",FREE,NFL2012,Patriots ,Rams,sun
10/28/2012,10/28/2012,NFL Week 8:  Redskins @ Steelers,Heinz Field,10:00 AM,11:00 AM,12:00 PM,1:00 PM,1:00 PM,2:00 PM,3:00 PM,4:00 PM,"BYE: Bills, Bengals, Ravens, Texans - www.MySportsCal.com",FREE,NFL2012,Redskins ,Steelers,sun
10/28/2012,10/28/2012,NFL Week 8:  Colts @ Titans,LP Field,10:00 AM,11:00 AM,12:00 PM,1:00 PM,1:00 PM,2:00 PM,3:00 PM,4:00 PM,"BYE: Bills, Bengals, Ravens, Texans - www.MySportsCal.com",FREE,NFL2012,Colts ,Titans,sun
10/29/2012,10/29/2012,NFL Week 8:  49ers @ Cardinals,University of Phoenix Stadium,5:30 PM,6:30 PM,7:30 PM,8:30 PM,8:30 PM,9:30 PM,10:30 PM,11:30 PM,"BYE: Bills, Bengals, Ravens, Texans - www.MySportsCal.com",FREE,NFL2012,49ers ,Cardinals,mon
11/1/2012,11/1/2012,NFL Week 9:  Chiefs @ Chargers,Qualcomm Stadium,5:20 PM,6:20 PM,7:20 PM,8:20 PM,8:20 PM,9:20 PM,10:20 PM,11:20 PM,"BYE: Rams, Patriots, Jets, 49ers - www.MySportsCal.com",FREE,NFL2012,Chiefs ,Chargers,thurs
11/4/2012,11/4/2012,NFL Week 9:  Broncos @ Bengals,Paul Brown Stadium,10:00 AM,11:00 AM,12:00 PM,1:00 PM,1:00 PM,2:00 PM,3:00 PM,4:00 PM,"BYE: Rams, Patriots, Jets, 49ers - www.MySportsCal.com",FREE,NFL2012,Broncos ,Bengals,sun
11/4/2012,11/4/2012,NFL Week 9:  Ravens @ Browns,Cleveland Browns Stadium,10:00 AM,11:00 AM,12:00 PM,1:00 PM,1:00 PM,2:00 PM,3:00 PM,4:00 PM,"BYE: Rams, Patriots, Jets, 49ers - www.MySportsCal.com",FREE,NFL2012,Ravens ,Browns,sun
11/4/2012,11/4/2012,NFL Week 9:  Dolphins @ Colts,Lucas Oil Stadium,10:00 AM,11:00 AM,12:00 PM,1:00 PM,1:00 PM,2:00 PM,3:00 PM,4:00 PM,"BYE: Rams, Patriots, Jets, 49ers - www.MySportsCal.com",FREE,NFL2012,Dolphins ,Colts,sun
11/4/2012,11/4/2012,NFL Week 9:  Cowboys @ Falcons,Georgia Dome,5:20 PM,6:20 PM,7:20 PM,8:20 PM,8:20 PM,9:20 PM,10:20 PM,11:20 PM,"BYE: Rams, Patriots, Jets, 49ers - www.MySportsCal.com",FREE,NFL2012,Cowboys ,Falcons,sun
11/4/2012,11/4/2012,NFL Week 9:  Steelers @ Giants,New Meadowlands Stadium,1:15 PM,2:15 PM,3:15 PM,4:15 PM,4:15 PM,5:15 PM,6:15 PM,7:15 PM,"BYE: Rams, Patriots, Jets, 49ers - www.MySportsCal.com",FREE,NFL2012,Steelers ,Gaints,sun
11/4/2012,11/4/2012,NFL Week 9:  Lions @ Jaguars,EverBank Field,10:00 AM,11:00 AM,12:00 PM,1:00 PM,1:00 PM,2:00 PM,3:00 PM,4:00 PM,"BYE: Rams, Patriots, Jets, 49ers - www.MySportsCal.com",FREE,NFL2012,Lions ,Jaguars,sun
11/4/2012,11/4/2012,NFL Week 9:  Cardinals @ Packers,Lambeau Field,10:00 AM,11:00 AM,12:00 PM,1:00 PM,1:00 PM,2:00 PM,3:00 PM,4:00 PM,"BYE: Rams, Patriots, Jets, 49ers - www.MySportsCal.com",FREE,NFL2012,Cardinals ,Packers,sun
11/4/2012,11/4/2012,NFL Week 9:  Buccaneers @ Raiders,Oakland Coliseum,1:05 PM,2:05 PM,3:05 PM,4:05 PM,4:05 PM,5:05 PM,6:05 PM,7:05 PM,"BYE: Rams, Patriots, Jets, 49ers - www.MySportsCal.com",FREE,NFL2012,Buccaneers ,Raiders,sun
11/4/2012,11/4/2012,NFL Week 9:  Panthers @ Redskins,FedEx Field,10:00 AM,11:00 AM,12:00 PM,1:00 PM,1:00 PM,2:00 PM,3:00 PM,4:00 PM,"BYE: Rams, Patriots, Jets, 49ers - www.MySportsCal.com",FREE,NFL2012,Panthers ,Redskins,sun
11/4/2012,11/4/2012,NFL Week 9:  Vikings @ Seahawks,Qwest Field,1:05 PM,2:05 PM,3:05 PM,4:05 PM,4:05 PM,5:05 PM,6:05 PM,7:05 PM,"BYE: Rams, Patriots, Jets, 49ers - www.MySportsCal.com",FREE,NFL2012,Vikings ,Seahawks,sun
11/4/2012,11/4/2012,NFL Week 9:  Bills @ Texans,Reliant Stadium,10:00 AM,11:00 AM,12:00 PM,1:00 PM,1:00 PM,2:00 PM,3:00 PM,4:00 PM,"BYE: Rams, Patriots, Jets, 49ers - www.MySportsCal.com",FREE,NFL2012,Bills ,Texans,sun
11/4/2012,11/4/2012,NFL Week 9:  Bears @ Titans,LP Field,10:00 AM,11:00 AM,12:00 PM,1:00 PM,1:00 PM,2:00 PM,3:00 PM,4:00 PM,"BYE: Rams, Patriots, Jets, 49ers - www.MySportsCal.com",FREE,NFL2012,Bears ,Titans,sun
11/5/2012,11/5/2012,NFL Week 9:  Eagles @ Saints,Superdome,5:30 PM,6:30 PM,7:30 PM,8:30 PM,8:30 PM,9:30 PM,10:30 PM,11:30 PM,"BYE: Rams, Patriots, Jets, 49ers - www.MySportsCal.com",FREE,NFL2012,Eagles ,Saints,mon
11/8/2012,11/8/2012,NFL Week 10:  Colts @ Jaguars,EverBank Field,5:20 PM,6:20 PM,7:20 PM,8:20 PM,8:20 PM,9:20 PM,10:20 PM,11:20 PM,"BYE: Browns, Packers, Cardinals, Redskins - www.MySportsCal.com",FREE,NFL2012,Colts ,Jaguars,thurs
11/11/2012,11/11/2012,NFL Week 10:  Rams @ 49ers,Candlestick Park,1:15 PM,2:15 PM,3:15 PM,4:15 PM,4:15 PM,5:15 PM,6:15 PM,7:15 PM,"BYE: Browns, Packers, Cardinals, Redskins - www.MySportsCal.com",FREE,NFL2012,Rams ,49ers,sun
11/11/2012,11/11/2012,NFL Week 10:  Texans @ Bears,Soldier Field,5:20 PM,6:20 PM,7:20 PM,8:20 PM,8:20 PM,9:20 PM,10:20 PM,11:20 PM,"BYE: Browns, Packers, Cardinals, Redskins - www.MySportsCal.com",FREE,NFL2012,Texans ,Bears,sun
11/11/2012,11/11/2012,NFL Week 10:  Giants @ Bengals,Paul Brown Stadium,10:00 AM,11:00 AM,12:00 PM,1:00 PM,1:00 PM,2:00 PM,3:00 PM,4:00 PM,"BYE: Browns, Packers, Cardinals, Redskins - www.MySportsCal.com",FREE,NFL2012,Gaints ,Bengals,sun
11/11/2012,11/11/2012,NFL Week 10:  Chargers @ Buccaneers,Raymond James Stadium,10:00 AM,11:00 AM,12:00 PM,1:00 PM,1:00 PM,2:00 PM,3:00 PM,4:00 PM,"BYE: Browns, Packers, Cardinals, Redskins - www.MySportsCal.com",FREE,NFL2012,Chargers ,Buccaneers,sun
11/11/2012,11/11/2012,NFL Week 10:  Titans @ Dolphins,Sun Life Stadium,10:00 AM,11:00 AM,12:00 PM,1:00 PM,1:00 PM,2:00 PM,3:00 PM,4:00 PM,"BYE: Browns, Packers, Cardinals, Redskins - www.MySportsCal.com",FREE,NFL2012,Titans ,Dolphins,sun
11/11/2012,11/11/2012,NFL Week 10:  Cowboys @ Eagles,Lincoln Financial Field,1:15 PM,2:15 PM,3:15 PM,4:15 PM,4:15 PM,5:15 PM,6:15 PM,7:15 PM,"BYE: Browns, Packers, Cardinals, Redskins - www.MySportsCal.com",FREE,NFL2012,Cowboys ,Eagles,sun
11/11/2012,11/11/2012,NFL Week 10:  Broncos @ Panthers,Bank of America Stadium,10:00 AM,11:00 AM,12:00 PM,1:00 PM,1:00 PM,2:00 PM,3:00 PM,4:00 PM,"BYE: Browns, Packers, Cardinals, Redskins - www.MySportsCal.com",FREE,NFL2012,Broncos ,Panthers,sun
11/11/2012,11/11/2012,NFL Week 10:  Bills @ Patriots,Gillette Stadium,10:00 AM,11:00 AM,12:00 PM,1:00 PM,1:00 PM,2:00 PM,3:00 PM,4:00 PM,"BYE: Browns, Packers, Cardinals, Redskins - www.MySportsCal.com",FREE,NFL2012,Bills ,Patriots,sun
11/11/2012,11/11/2012,NFL Week 10:  Raiders @ Ravens,M&T Bank Stadium,10:00 AM,11:00 AM,12:00 PM,1:00 PM,1:00 PM,2:00 PM,3:00 PM,4:00 PM,"BYE: Browns, Packers, Cardinals, Redskins - www.MySportsCal.com",FREE,NFL2012,Raiders ,Ravens,sun
11/11/2012,11/11/2012,NFL Week 10:  Falcons @ Saints,Superdome,10:00 AM,11:00 AM,12:00 PM,1:00 PM,1:00 PM,2:00 PM,3:00 PM,4:00 PM,"BYE: Browns, Packers, Cardinals, Redskins - www.MySportsCal.com",FREE,NFL2012,Falcons ,Saints,sun
11/11/2012,11/11/2012,NFL Week 10:  Jets @ Seahawks,Qwest Field,1:05 PM,2:05 PM,3:05 PM,4:05 PM,4:05 PM,5:05 PM,6:05 PM,7:05 PM,"BYE: Browns, Packers, Cardinals, Redskins - www.MySportsCal.com",FREE,NFL2012,Jets ,Seahawks,sun
11/11/2012,11/11/2012,NFL Week 10:  Lions @ Vikings,Mall of America Field,10:00 AM,11:00 AM,12:00 PM,1:00 PM,1:00 PM,2:00 PM,3:00 PM,4:00 PM,"BYE: Browns, Packers, Cardinals, Redskins - www.MySportsCal.com",FREE,NFL2012,Lions ,Vikings,sun
11/12/2012,11/12/2012,NFL Week 10:  Chiefs @ Steelers,Heinz Field,5:30 PM,6:30 PM,7:30 PM,8:30 PM,8:30 PM,9:30 PM,10:30 PM,11:30 PM,"BYE: Browns, Packers, Cardinals, Redskins - www.MySportsCal.com",FREE,NFL2012,Chiefs ,Steelers,mon
11/15/2012,11/15/2012,NFL Week 11:  Dolphins @ Bills,Ralph Wilson Stadium,5:20 PM,6:20 PM,7:20 PM,8:20 PM,8:20 PM,9:20 PM,10:20 PM,11:20 PM,"BYE: Titans, Vikings, Giants, Seahawks - www.MySportsCal.com",FREE,NFL2012,Dolphins ,Bills,thurs
11/18/2012,11/18/2012,NFL Week 11:  Chargers @ Broncos,Invesco Field at Mile High,1:15 PM,2:15 PM,3:15 PM,4:15 PM,4:15 PM,5:15 PM,6:15 PM,7:15 PM,"BYE: Titans, Vikings, Giants, Seahawks - www.MySportsCal.com",FREE,NFL2012,Chargers ,Broncos,sun
11/18/2012,11/18/2012,NFL Week 11:  Bengals @ Chiefs,Arrowhead Stadium,10:00 AM,11:00 AM,12:00 PM,1:00 PM,1:00 PM,2:00 PM,3:00 PM,4:00 PM,"BYE: Titans, Vikings, Giants, Seahawks - www.MySportsCal.com",FREE,NFL2012,Bengals ,Chiefs,sun
11/18/2012,11/18/2012,NFL Week 11:  Browns @ Cowboys,Cowboys Stadium,10:00 AM,11:00 AM,12:00 PM,1:00 PM,1:00 PM,2:00 PM,3:00 PM,4:00 PM,"BYE: Titans, Vikings, Giants, Seahawks - www.MySportsCal.com",FREE,NFL2012,Browns ,Cowboys,sun
11/18/2012,11/18/2012,NFL Week 11:  Cardinals @ Falcons,Georgia Dome,10:00 AM,11:00 AM,12:00 PM,1:00 PM,1:00 PM,2:00 PM,3:00 PM,4:00 PM,"BYE: Titans, Vikings, Giants, Seahawks - www.MySportsCal.com",FREE,NFL2012,Cardinals ,Falcons,sun
11/18/2012,11/18/2012,NFL Week 11:  Packers @ Lions,Ford Field,10:00 AM,11:00 AM,12:00 PM,1:00 PM,1:00 PM,2:00 PM,3:00 PM,4:00 PM,"BYE: Titans, Vikings, Giants, Seahawks - www.MySportsCal.com",FREE,NFL2012,Packers ,Lions,sun
11/18/2012,11/18/2012,NFL Week 11:  Buccaneers @ Panthers,Bank of America Stadium,10:00 AM,11:00 AM,12:00 PM,1:00 PM,1:00 PM,2:00 PM,3:00 PM,4:00 PM,"BYE: Titans, Vikings, Giants, Seahawks - www.MySportsCal.com",FREE,NFL2012,Buccaneers ,Panthers,sun
11/18/2012,11/18/2012,NFL Week 11:  Colts @ Patriots,Gillette Stadium,10:00 AM,11:00 AM,12:00 PM,1:00 PM,1:00 PM,2:00 PM,3:00 PM,4:00 PM,"BYE: Titans, Vikings, Giants, Seahawks - www.MySportsCal.com",FREE,NFL2012,Colts ,Patriots,sun
11/18/2012,11/18/2012,NFL Week 11:  Saints @ Raiders,Oakland Coliseum,1:05 PM,2:05 PM,3:05 PM,4:05 PM,4:05 PM,5:05 PM,6:05 PM,7:05 PM,"BYE: Titans, Vikings, Giants, Seahawks - www.MySportsCal.com",FREE,NFL2012,Saints ,Raiders,sun
11/18/2012,11/18/2012,NFL Week 11:  Jets @ Rams,Edward Jones Dome,10:00 AM,11:00 AM,12:00 PM,1:00 PM,1:00 PM,2:00 PM,3:00 PM,4:00 PM,"BYE: Titans, Vikings, Giants, Seahawks - www.MySportsCal.com",FREE,NFL2012,Jets ,Rams,sun
11/18/2012,11/18/2012,NFL Week 11:  Eagles @ Redskins,FedEx Field,10:00 AM,11:00 AM,12:00 PM,1:00 PM,1:00 PM,2:00 PM,3:00 PM,4:00 PM,"BYE: Titans, Vikings, Giants, Seahawks - www.MySportsCal.com",FREE,NFL2012,Eagles ,Redskins,sun
11/18/2012,11/18/2012,NFL Week 11:  Ravens @ Steelers,Heinz Field,5:20 PM,6:20 PM,7:20 PM,8:20 PM,8:20 PM,9:20 PM,10:20 PM,11:20 PM,"BYE: Titans, Vikings, Giants, Seahawks - www.MySportsCal.com",FREE,NFL2012,Ravens ,Steelers,sun
11/18/2012,11/18/2012,NFL Week 11:  Jaguars @ Texans,Reliant Stadium,10:00 AM,11:00 AM,12:00 PM,1:00 PM,1:00 PM,2:00 PM,3:00 PM,4:00 PM,"BYE: Titans, Vikings, Giants, Seahawks - www.MySportsCal.com",FREE,NFL2012,Jaguars ,Texans,sun
11/19/2012,11/19/2012,NFL Week 11:  Bears @ 49ers,Candlestick Park,5:30 PM,6:30 PM,7:30 PM,8:30 PM,8:30 PM,9:30 PM,10:30 PM,11:30 PM,"BYE: Titans, Vikings, Giants, Seahawks - www.MySportsCal.com",FREE,NFL2012,Bears ,49ers,mon
11/22/2012,11/22/2012,NFL Week 12:  Redskins @ Cowboys,Cowboys Stadium,1:15 PM,2:15 PM,3:15 PM,4:15 PM,4:15 PM,5:15 PM,6:15 PM,7:15 PM,www.MySportsCal.com,FREE,NFL2012,Redskins ,Cowboys,thurs
11/22/2012,11/22/2012,NFL Week 12:  Patriots @ Jets,New Meadowlands Stadium,5:20 PM,6:20 PM,7:20 PM,8:20 PM,8:20 PM,9:20 PM,10:20 PM,11:20 PM,www.MySportsCal.com,FREE,NFL2012,Patriots ,Jets,thurs
11/22/2012,11/22/2012,NFL Week 12:  Texans @ Lions,Ford Field,9:30 AM,10:30 AM,11:30 AM,12:30 PM,12:30 PM,1:30 PM,2:30 PM,3:30 PM,www.MySportsCal.com,FREE,NFL2012,Texans ,Lions,thurs
11/25/2012,11/25/2012,NFL Week 12:  Vikings @ Bears,Soldier Field,10:00 AM,11:00 AM,12:00 PM,1:00 PM,1:00 PM,2:00 PM,3:00 PM,4:00 PM,www.MySportsCal.com,FREE,NFL2012,Vikings ,Bears,sun
11/25/2012,11/25/2012,NFL Week 12:  Raiders @ Bengals,Paul Brown Stadium,10:00 AM,11:00 AM,12:00 PM,1:00 PM,1:00 PM,2:00 PM,3:00 PM,4:00 PM,www.MySportsCal.com,FREE,NFL2012,Raiders ,Bengals,sun
11/25/2012,11/25/2012,NFL Week 12:  Steelers @ Browns,Cleveland Browns Stadium,10:00 AM,11:00 AM,12:00 PM,1:00 PM,1:00 PM,2:00 PM,3:00 PM,4:00 PM,www.MySportsCal.com,FREE,NFL2012,Steelers ,Browns,sun
11/25/2012,11/25/2012,NFL Week 12:  Falcons @ Buccaneers,Raymond James Stadium,10:00 AM,11:00 AM,12:00 PM,1:00 PM,1:00 PM,2:00 PM,3:00 PM,4:00 PM,www.MySportsCal.com,FREE,NFL2012,Falcons ,Buccaneers,sun
11/25/2012,11/25/2012,NFL Week 12:  Rams @ Cardinals,University of Phoenix Stadium,1:15 PM,2:15 PM,3:15 PM,4:15 PM,4:15 PM,5:15 PM,6:15 PM,7:15 PM,www.MySportsCal.com,FREE,NFL2012,Rams ,Cardinals,sun
11/25/2012,11/25/2012,NFL Week 12:  Ravens @ Chargers,Qualcomm Stadium,1:05 PM,2:05 PM,3:05 PM,4:05 PM,4:05 PM,5:05 PM,6:05 PM,7:05 PM,www.MySportsCal.com,FREE,NFL2012,Ravens ,Chargers,sun
11/25/2012,11/25/2012,NFL Week 12:  Broncos @ Chiefs,Arrowhead Stadium,10:00 AM,11:00 AM,12:00 PM,1:00 PM,1:00 PM,2:00 PM,3:00 PM,4:00 PM,www.MySportsCal.com,FREE,NFL2012,Broncos ,Chiefs,sun
11/25/2012,11/25/2012,NFL Week 12:  Bills @ Colts,Lucas Oil Stadium,10:00 AM,11:00 AM,12:00 PM,1:00 PM,1:00 PM,2:00 PM,3:00 PM,4:00 PM,www.MySportsCal.com,FREE,NFL2012,Bills ,Colts,sun
11/25/2012,11/25/2012,NFL Week 12:  Seahawks @ Dolphins,Sun Life Stadium,10:00 AM,11:00 AM,12:00 PM,1:00 PM,1:00 PM,2:00 PM,3:00 PM,4:00 PM,www.MySportsCal.com,FREE,NFL2012,Seahawks ,Dolphins,sun
11/25/2012,11/25/2012,NFL Week 12:  Packers @ Giants,New Meadowlands Stadium,5:20 PM,6:20 PM,7:20 PM,8:20 PM,8:20 PM,9:20 PM,10:20 PM,11:20 PM,www.MySportsCal.com,FREE,NFL2012,Packers ,Gaints,sun
11/25/2012,11/25/2012,NFL Week 12:  Titans @ Jaguars,EverBank Field,10:00 AM,11:00 AM,12:00 PM,1:00 PM,1:00 PM,2:00 PM,3:00 PM,4:00 PM,www.MySportsCal.com,FREE,NFL2012,Titans ,Jaguars,sun
11/25/2012,11/25/2012,NFL Week 12:  49ers @ Saints,Superdome,1:15 PM,2:15 PM,3:15 PM,4:15 PM,4:15 PM,5:15 PM,6:15 PM,7:15 PM,www.MySportsCal.com,FREE,NFL2012,49ers ,Saints,sun
11/26/2012,11/26/2012,NFL Week 12:  Panthers @ Eagles,Lincoln Financial Field,5:30 PM,6:30 PM,7:30 PM,8:30 PM,8:30 PM,9:30 PM,10:30 PM,11:30 PM,www.MySportsCal.com,FREE,NFL2012,Panthers ,Eagles,mon
11/29/2012,11/29/2012,NFL Week 13:  Saints @ Falcons,Georgia Dome,5:20 PM,6:20 PM,7:20 PM,8:20 PM,8:20 PM,9:20 PM,10:20 PM,11:20 PM,www.MySportsCal.com,FREE,NFL2012,Saints ,Falcons,thurs
12/2/2012,12/2/2012,NFL Week 13:  Seahawks @ Bears,Soldier Field,10:00 AM,11:00 AM,12:00 PM,1:00 PM,1:00 PM,2:00 PM,3:00 PM,4:00 PM,www.MySportsCal.com,FREE,NFL2012,Seahawks ,Bears,sun
12/2/2012,12/2/2012,NFL Week 13:  Jaguars @ Bills,Ralph Wilson Stadium,10:00 AM,11:00 AM,12:00 PM,1:00 PM,1:00 PM,2:00 PM,3:00 PM,4:00 PM,www.MySportsCal.com,FREE,NFL2012,Jaguars ,Bills,sun
12/2/2012,12/2/2012,NFL Week 13:  Buccaneers @ Broncos,Invesco Field at Mile High,1:05 PM,2:05 PM,3:05 PM,4:05 PM,4:05 PM,5:05 PM,6:05 PM,7:05 PM,www.MySportsCal.com,FREE,NFL2012,Buccaneers ,Broncos,sun
12/2/2012,12/2/2012,NFL Week 13:  Bengals @ Chargers,Qualcomm Stadium,1:15 PM,2:15 PM,3:15 PM,4:15 PM,4:15 PM,5:15 PM,6:15 PM,7:15 PM,www.MySportsCal.com,FREE,NFL2012,Bengals ,Chargers,sun
12/2/2012,12/2/2012,NFL Week 13:  Panthers @ Chiefs,Arrowhead Stadium,10:00 AM,11:00 AM,12:00 PM,1:00 PM,1:00 PM,2:00 PM,3:00 PM,4:00 PM,www.MySportsCal.com,FREE,NFL2012,Panthers ,Chiefs,sun
12/2/2012,12/2/2012,NFL Week 13:  Eagles @ Cowboys,Cowboys Stadium,5:20 PM,6:20 PM,7:20 PM,8:20 PM,8:20 PM,9:20 PM,10:20 PM,11:20 PM,www.MySportsCal.com,FREE,NFL2012,Eagles ,Cowboys,sun
12/2/2012,12/2/2012,NFL Week 13:  Patriots @ Dolphins,Sun Life Stadium,10:00 AM,11:00 AM,12:00 PM,1:00 PM,1:00 PM,2:00 PM,3:00 PM,4:00 PM,www.MySportsCal.com,FREE,NFL2012,Patriots ,Dolphins,sun
12/2/2012,12/2/2012,NFL Week 13:  Cardinals @ Jets,New Meadowlands Stadium,10:00 AM,11:00 AM,12:00 PM,1:00 PM,1:00 PM,2:00 PM,3:00 PM,4:00 PM,www.MySportsCal.com,FREE,NFL2012,Cardinals ,Jets,sun
12/2/2012,12/2/2012,NFL Week 13:  Colts @ Lions,Ford Field,10:00 AM,11:00 AM,12:00 PM,1:00 PM,1:00 PM,2:00 PM,3:00 PM,4:00 PM,www.MySportsCal.com,FREE,NFL2012,Colts ,Lions,sun
12/2/2012,12/2/2012,NFL Week 13:  Vikings @ Packers,Lambeau Field,10:00 AM,11:00 AM,12:00 PM,1:00 PM,1:00 PM,2:00 PM,3:00 PM,4:00 PM,www.MySportsCal.com,FREE,NFL2012,Vikings ,Packers,sun
12/2/2012,12/2/2012,NFL Week 13:  Browns @ Raiders,Oakland Coliseum,1:15 PM,2:15 PM,3:15 PM,4:15 PM,4:15 PM,5:15 PM,6:15 PM,7:15 PM,www.MySportsCal.com,FREE,NFL2012,Browns ,Raiders,sun
12/2/2012,12/2/2012,NFL Week 13:  49ers @ Rams,Edward Jones Dome,10:00 AM,11:00 AM,12:00 PM,1:00 PM,1:00 PM,2:00 PM,3:00 PM,4:00 PM,www.MySportsCal.com,FREE,NFL2012,49ers ,Rams,sun
12/2/2012,12/2/2012,NFL Week 13:  Steelers @ Ravens,M&T Bank Stadium,1:15 PM,2:15 PM,3:15 PM,4:15 PM,4:15 PM,5:15 PM,6:15 PM,7:15 PM,www.MySportsCal.com,FREE,NFL2012,Steelers ,Ravens,sun
12/2/2012,12/2/2012,NFL Week 13:  Texans @ Titans,LP Field,10:00 AM,11:00 AM,12:00 PM,1:00 PM,1:00 PM,2:00 PM,3:00 PM,4:00 PM,www.MySportsCal.com,FREE,NFL2012,Texans ,Titans,sun
12/3/2012,12/3/2012,NFL Week 13:  Giants @ Redskins,FedEx Field,5:30 PM,6:30 PM,7:30 PM,8:30 PM,8:30 PM,9:30 PM,10:30 PM,11:30 PM,www.MySportsCal.com,FREE,NFL2012,Gaints ,Redskins,mon
12/6/2012,12/6/2012,NFL Week 14:  Broncos @ Raiders,Oakland Coliseum,5:20 PM,6:20 PM,7:20 PM,8:20 PM,8:20 PM,9:20 PM,10:20 PM,11:20 PM,www.MySportsCal.com,FREE,NFL2012,Broncos ,Raiders,thurs
12/9/2012,12/9/2012,NFL Week 14:  Dolphins @ 49ers,Candlestick Park,1:05 PM,2:05 PM,3:05 PM,4:05 PM,4:05 PM,5:05 PM,6:05 PM,7:05 PM,www.MySportsCal.com,FREE,NFL2012,Dolphins ,49ers,sun
12/9/2012,12/9/2012,NFL Week 14:  Cowboys @ Bengals,Paul Brown Stadium,10:00 AM,11:00 AM,12:00 PM,1:00 PM,1:00 PM,2:00 PM,3:00 PM,4:00 PM,www.MySportsCal.com,FREE,NFL2012,Cowboys ,Bengals,sun
12/9/2012,12/9/2012,NFL Week 14:  Rams @ Bills,Ralph Wilson Stadium,10:00 AM,11:00 AM,12:00 PM,1:00 PM,1:00 PM,2:00 PM,3:00 PM,4:00 PM,www.MySportsCal.com,FREE,NFL2012,Rams ,Bills,sun
12/9/2012,12/9/2012,NFL Week 14:  Chiefs @ Browns,Cleveland Browns Stadium,10:00 AM,11:00 AM,12:00 PM,1:00 PM,1:00 PM,2:00 PM,3:00 PM,4:00 PM,www.MySportsCal.com,FREE,NFL2012,Chiefs ,Browns,sun
12/9/2012,12/9/2012,NFL Week 14:  Eagles @ Buccaneers,Raymond James Stadium,10:00 AM,11:00 AM,12:00 PM,1:00 PM,1:00 PM,2:00 PM,3:00 PM,4:00 PM,www.MySportsCal.com,FREE,NFL2012,Eagles ,Buccaneers,sun
12/9/2012,12/9/2012,NFL Week 14:  Titans @ Colts,Lucas Oil Stadium,10:00 AM,11:00 AM,12:00 PM,1:00 PM,1:00 PM,2:00 PM,3:00 PM,4:00 PM,www.MySportsCal.com,FREE,NFL2012,Titans ,Colts,sun
12/9/2012,12/9/2012,NFL Week 14:  Saints @ Giants,New Meadowlands Stadium,1:15 PM,2:15 PM,3:15 PM,4:15 PM,4:15 PM,5:15 PM,6:15 PM,7:15 PM,www.MySportsCal.com,FREE,NFL2012,Saints ,Gaints,sun
12/9/2012,12/9/2012,NFL Week 14:  Jets @ Jaguars,EverBank Field,10:00 AM,11:00 AM,12:00 PM,1:00 PM,1:00 PM,2:00 PM,3:00 PM,4:00 PM,www.MySportsCal.com,FREE,NFL2012,Jets ,Jaguars,sun
12/9/2012,12/9/2012,NFL Week 14:  Lions @ Packers,Lambeau Field,5:20 PM,6:20 PM,7:20 PM,8:20 PM,8:20 PM,9:20 PM,10:20 PM,11:20 PM,www.MySportsCal.com,FREE,NFL2012,Lions ,Packers,sun
12/9/2012,12/9/2012,NFL Week 14:  Falcons @ Panthers,Bank of America Stadium,10:00 AM,11:00 AM,12:00 PM,1:00 PM,1:00 PM,2:00 PM,3:00 PM,4:00 PM,www.MySportsCal.com,FREE,NFL2012,Falcons ,Panthers,sun
12/9/2012,12/9/2012,NFL Week 14:  Ravens @ Redskins,FedEx Field,10:00 AM,11:00 AM,12:00 PM,1:00 PM,1:00 PM,2:00 PM,3:00 PM,4:00 PM,www.MySportsCal.com,FREE,NFL2012,Ravens ,Redskins,sun
12/9/2012,12/9/2012,NFL Week 14:  Cardinals @ Seahawks,Qwest Field,1:15 PM,2:15 PM,3:15 PM,4:15 PM,4:15 PM,5:15 PM,6:15 PM,7:15 PM,www.MySportsCal.com,FREE,NFL2012,Cardinals ,Seahawks,sun
12/9/2012,12/9/2012,NFL Week 14:  Chargers @ Steelers,Heinz Field,10:00 AM,11:00 AM,12:00 PM,1:00 PM,1:00 PM,2:00 PM,3:00 PM,4:00 PM,www.MySportsCal.com,FREE,NFL2012,Chargers ,Steelers,sun
12/9/2012,12/9/2012,NFL Week 14:  Bears @ Vikings,Mall of America Field,10:00 AM,11:00 AM,12:00 PM,1:00 PM,1:00 PM,2:00 PM,3:00 PM,4:00 PM,www.MySportsCal.com,FREE,NFL2012,Bears ,Vikings,sun
12/10/2012,12/10/2012,NFL Week 14:  Texans @ Patriots,Gillette Stadium,5:30 PM,6:30 PM,7:30 PM,8:30 PM,8:30 PM,9:30 PM,10:30 PM,11:30 PM,www.MySportsCal.com,FREE,NFL2012,Texans ,Patriots,mon
12/13/2012,12/13/2012,NFL Week 15:  Bengals @ Eagles,Lincoln Financial Field,5:20 PM,6:20 PM,7:20 PM,8:20 PM,8:20 PM,9:20 PM,10:20 PM,11:20 PM,www.MySportsCal.com,FREE,NFL2012,Bengals ,Eagles,thurs
12/16/2012,12/16/2012,NFL Week 15:  Packers @ Bears,Soldier Field,10:00 AM,11:00 AM,12:00 PM,1:00 PM,1:00 PM,2:00 PM,3:00 PM,4:00 PM,www.MySportsCal.com,FREE,NFL2012,Packers ,Bears,sun
12/16/2012,12/16/2012,NFL Week 15:  Seahawks @ Bills,Ralph Wilson Stadium,1:05 PM,2:05 PM,3:05 PM,4:05 PM,4:05 PM,5:05 PM,6:05 PM,7:05 PM,www.MySportsCal.com,FREE,NFL2012,Seahawks ,Bills,sun
12/16/2012,12/16/2012,NFL Week 15:  Redskins @ Browns,Cleveland Browns Stadium,10:00 AM,11:00 AM,12:00 PM,1:00 PM,1:00 PM,2:00 PM,3:00 PM,4:00 PM,www.MySportsCal.com,FREE,NFL2012,Redskins ,Browns,sun
12/16/2012,12/16/2012,NFL Week 15:  Lions @ Cardinals,University of Phoenix Stadium,1:05 PM,2:05 PM,3:05 PM,4:05 PM,4:05 PM,5:05 PM,6:05 PM,7:05 PM,www.MySportsCal.com,FREE,NFL2012,Lions ,Cardinals,sun
12/16/2012,12/16/2012,NFL Week 15:  Panthers @ Chargers,Qualcomm Stadium,1:05 PM,2:05 PM,3:05 PM,4:05 PM,4:05 PM,5:05 PM,6:05 PM,7:05 PM,www.MySportsCal.com,FREE,NFL2012,Panthers ,Chargers,sun
12/16/2012,12/16/2012,NFL Week 15:  Steelers @ Cowboys,Cowboys Stadium,1:15 PM,2:15 PM,3:15 PM,4:15 PM,4:15 PM,5:15 PM,6:15 PM,7:15 PM,www.MySportsCal.com,FREE,NFL2012,Steelers ,Cowboys,sun
12/16/2012,12/16/2012,NFL Week 15:  Jaguars @ Dolphins,Sun Life Stadium,10:00 AM,11:00 AM,12:00 PM,1:00 PM,1:00 PM,2:00 PM,3:00 PM,4:00 PM,www.MySportsCal.com,FREE,NFL2012,Jaguars ,Dolphins,sun
12/16/2012,12/16/2012,NFL Week 15:  Giants @ Falcons,Georgia Dome,10:00 AM,11:00 AM,12:00 PM,1:00 PM,1:00 PM,2:00 PM,3:00 PM,4:00 PM,www.MySportsCal.com,FREE,NFL2012,Gaints ,Falcons,sun
12/16/2012,12/16/2012,NFL Week 15:  49ers @ Patriots,Gillette Stadium,5:20 PM,6:20 PM,7:20 PM,8:20 PM,8:20 PM,9:20 PM,10:20 PM,11:20 PM,www.MySportsCal.com,FREE,NFL2012,49ers ,Patriots,sun
12/16/2012,12/16/2012,NFL Week 15:  Chiefs @ Raiders,Oakland Coliseum,1:15 PM,2:15 PM,3:15 PM,4:15 PM,4:15 PM,5:15 PM,6:15 PM,7:15 PM,www.MySportsCal.com,FREE,NFL2012,Chiefs ,Raiders,sun
12/16/2012,12/16/2012,NFL Week 15:  Vikings @ Rams,Edward Jones Dome,10:00 AM,11:00 AM,12:00 PM,1:00 PM,1:00 PM,2:00 PM,3:00 PM,4:00 PM,www.MySportsCal.com,FREE,NFL2012,Vikings ,Rams,sun
12/16/2012,12/16/2012,NFL Week 15:  Broncos @ Ravens,M&T Bank Stadium,10:00 AM,11:00 AM,12:00 PM,1:00 PM,1:00 PM,2:00 PM,3:00 PM,4:00 PM,www.MySportsCal.com,FREE,NFL2012,Broncos ,Ravens,sun
12/16/2012,12/16/2012,NFL Week 15:  Buccaneers @ Saints,Superdome,10:00 AM,11:00 AM,12:00 PM,1:00 PM,1:00 PM,2:00 PM,3:00 PM,4:00 PM,www.MySportsCal.com,FREE,NFL2012,Buccaneers ,Saints,sun
12/16/2012,12/16/2012,NFL Week 15:  Colts @ Texans,Reliant Stadium,10:00 AM,11:00 AM,12:00 PM,1:00 PM,1:00 PM,2:00 PM,3:00 PM,4:00 PM,www.MySportsCal.com,FREE,NFL2012,Colts ,Texans,sun
12/17/2012,12/17/2012,NFL Week 15:  Jets @ Titans,LP Field,5:30 PM,6:30 PM,7:30 PM,8:30 PM,8:30 PM,9:30 PM,10:30 PM,11:30 PM,www.MySportsCal.com,FREE,NFL2012,Jets ,Titans,mon
12/22/2012,12/22/2012,NFL Week 16:  Falcons @ Lions,Ford Field,5:30 PM,6:30 PM,7:30 PM,8:30 PM,8:30 PM,9:30 PM,10:30 PM,11:30 PM,www.MySportsCal.com,FREE,NFL2012,Falcons ,Lions,sat
12/23/2012,12/23/2012,NFL Week 16:  Browns @ Broncos,Invesco Field at Mile High,1:05 PM,2:05 PM,3:05 PM,4:05 PM,4:05 PM,5:05 PM,6:05 PM,7:05 PM,www.MySportsCal.com,FREE,NFL2012,Browns ,Broncos,sun
12/23/2012,12/23/2012,NFL Week 16:  Rams @ Buccaneers,Raymond James Stadium,10:00 AM,11:00 AM,12:00 PM,1:00 PM,1:00 PM,2:00 PM,3:00 PM,4:00 PM,www.MySportsCal.com,FREE,NFL2012,Rams ,Buccaneers,sun
12/23/2012,12/23/2012,NFL Week 16:  Bears @ Cardinals,University of Phoenix Stadium,1:15 PM,2:15 PM,3:15 PM,4:15 PM,4:15 PM,5:15 PM,6:15 PM,7:15 PM,www.MySportsCal.com,FREE,NFL2012,Bears ,Cardinals,sun
12/23/2012,12/23/2012,NFL Week 16:  Colts @ Chiefs,Arrowhead Stadium,10:00 AM,11:00 AM,12:00 PM,1:00 PM,1:00 PM,2:00 PM,3:00 PM,4:00 PM,www.MySportsCal.com,FREE,NFL2012,Colts ,Chiefs,sun
12/23/2012,12/23/2012,NFL Week 16:  Saints @ Cowboys,Cowboys Stadium,10:00 AM,11:00 AM,12:00 PM,1:00 PM,1:00 PM,2:00 PM,3:00 PM,4:00 PM,www.MySportsCal.com,FREE,NFL2012,Saints ,Cowboys,sun
12/23/2012,12/23/2012,NFL Week 16:  Bills @ Dolphins,Sun Life Stadium,10:00 AM,11:00 AM,12:00 PM,1:00 PM,1:00 PM,2:00 PM,3:00 PM,4:00 PM,www.MySportsCal.com,FREE,NFL2012,Bills ,Dolphins,sun
12/23/2012,12/23/2012,NFL Week 16:  Redskins @ Eagles,Lincoln Financial Field,10:00 AM,11:00 AM,12:00 PM,1:00 PM,1:00 PM,2:00 PM,3:00 PM,4:00 PM,www.MySportsCal.com,FREE,NFL2012,Redskins ,Eagles,sun
12/23/2012,12/23/2012,NFL Week 16:  Patriots @ Jaguars,EverBank Field,10:00 AM,11:00 AM,12:00 PM,1:00 PM,1:00 PM,2:00 PM,3:00 PM,4:00 PM,www.MySportsCal.com,FREE,NFL2012,Patriots ,Jaguars,sun
12/23/2012,12/23/2012,NFL Week 16:  Chargers @ Jets,New Meadowlands Stadium,5:20 PM,6:20 PM,7:20 PM,8:20 PM,8:20 PM,9:20 PM,10:20 PM,11:20 PM,www.MySportsCal.com,FREE,NFL2012,Chargers ,Jets,sun
12/23/2012,12/23/2012,NFL Week 16:  Titans @ Packers,Lambeau Field,10:00 AM,11:00 AM,12:00 PM,1:00 PM,1:00 PM,2:00 PM,3:00 PM,4:00 PM,www.MySportsCal.com,FREE,NFL2012,Titans ,Packers,sun
12/23/2012,12/23/2012,NFL Week 16:  Raiders @ Panthers,Bank of America Stadium,10:00 AM,11:00 AM,12:00 PM,1:00 PM,1:00 PM,2:00 PM,3:00 PM,4:00 PM,www.MySportsCal.com,FREE,NFL2012,Raiders ,Panthers,sun
12/23/2012,12/23/2012,NFL Week 16:  Giants @ Ravens,M&T Bank Stadium,10:00 AM,11:00 AM,12:00 PM,1:00 PM,1:00 PM,2:00 PM,3:00 PM,4:00 PM,www.MySportsCal.com,FREE,NFL2012,Gaints ,Ravens,sun
12/23/2012,12/23/2012,NFL Week 16:  49ers @ Seahawks,Qwest Field,1:15 PM,2:15 PM,3:15 PM,4:15 PM,4:15 PM,5:15 PM,6:15 PM,7:15 PM,www.MySportsCal.com,FREE,NFL2012,49ers ,Seahawks,sun
12/23/2012,12/23/2012,NFL Week 16:  Bengals @ Steelers,Heinz Field,10:00 AM,11:00 AM,12:00 PM,1:00 PM,1:00 PM,2:00 PM,3:00 PM,4:00 PM,www.MySportsCal.com,FREE,NFL2012,Bengals ,Steelers,sun
12/23/2012,12/23/2012,NFL Week 16:  Vikings @ Texans,Reliant Stadium,10:00 AM,11:00 AM,12:00 PM,1:00 PM,1:00 PM,2:00 PM,3:00 PM,4:00 PM,www.MySportsCal.com,FREE,NFL2012,Vikings ,Texans,sun
12/30/2012,12/30/2012,NFL Week 17:  Cardinals @ 49ers,Candlestick Park,1:15 PM,2:15 PM,3:15 PM,4:15 PM,4:15 PM,5:15 PM,6:15 PM,7:15 PM,www.MySportsCal.com,FREE,NFL2012,Cardinals ,49ers,sun
12/30/2012,12/30/2012,NFL Week 17:  Ravens @ Bengals,Paul Brown Stadium,10:00 AM,11:00 AM,12:00 PM,1:00 PM,1:00 PM,2:00 PM,3:00 PM,4:00 PM,www.MySportsCal.com,FREE,NFL2012,Ravens ,Bengals,sun
12/30/2012,12/30/2012,NFL Week 17:  Jets @ Bills,Ralph Wilson Stadium,10:00 AM,11:00 AM,12:00 PM,1:00 PM,1:00 PM,2:00 PM,3:00 PM,4:00 PM,www.MySportsCal.com,FREE,NFL2012,Jets ,Bills,sun
12/30/2012,12/30/2012,NFL Week 17:  Chiefs @ Broncos,Invesco Field at Mile High,1:15 PM,2:15 PM,3:15 PM,4:15 PM,4:15 PM,5:15 PM,6:15 PM,7:15 PM,www.MySportsCal.com,FREE,NFL2012,Chiefs ,Broncos,sun
12/30/2012,12/30/2012,NFL Week 17:  Raiders @ Chargers,Qualcomm Stadium,1:15 PM,2:15 PM,3:15 PM,4:15 PM,4:15 PM,5:15 PM,6:15 PM,7:15 PM,www.MySportsCal.com,FREE,NFL2012,Raiders ,Chargers,sun
12/30/2012,12/30/2012,NFL Week 17:  Texans @ Colts,Lucas Oil Stadium,10:00 AM,11:00 AM,12:00 PM,1:00 PM,1:00 PM,2:00 PM,3:00 PM,4:00 PM,www.MySportsCal.com,FREE,NFL2012,Texans ,Colts,sun
12/30/2012,12/30/2012,NFL Week 17:  Buccaneers @ Falcons,Georgia Dome,10:00 AM,11:00 AM,12:00 PM,1:00 PM,1:00 PM,2:00 PM,3:00 PM,4:00 PM,www.MySportsCal.com,FREE,NFL2012,Buccaneers ,Falcons,sun
12/30/2012,12/30/2012,NFL Week 17:  Eagles @ Giants,New Meadowlands Stadium,10:00 AM,11:00 AM,12:00 PM,1:00 PM,1:00 PM,2:00 PM,3:00 PM,4:00 PM,www.MySportsCal.com,FREE,NFL2012,Eagles ,Gaints,sun
12/30/2012,12/30/2012,NFL Week 17:  Bears @ Lions,Ford Field,10:00 AM,11:00 AM,12:00 PM,1:00 PM,1:00 PM,2:00 PM,3:00 PM,4:00 PM,www.MySportsCal.com,FREE,NFL2012,Bears ,Lions,sun
12/30/2012,12/30/2012,NFL Week 17:  Dolphins @ Patriots,Gillette Stadium,10:00 AM,11:00 AM,12:00 PM,1:00 PM,1:00 PM,2:00 PM,3:00 PM,4:00 PM,www.MySportsCal.com,FREE,NFL2012,Dolphins ,Patriots,sun
12/30/2012,12/30/2012,NFL Week 17:  Cowboys @ Redskins,FedEx Field,10:00 AM,11:00 AM,12:00 PM,1:00 PM,1:00 PM,2:00 PM,3:00 PM,4:00 PM,www.MySportsCal.com,FREE,NFL2012,Cowboys ,Redskins,sun
12/30/2012,12/30/2012,NFL Week 17:  Panthers @ Saints,Superdome,10:00 AM,11:00 AM,12:00 PM,1:00 PM,1:00 PM,2:00 PM,3:00 PM,4:00 PM,www.MySportsCal.com,FREE,NFL2012,Panthers ,Saints,sun
12/30/2012,12/30/2012,NFL Week 17:  Rams @ Seahawks,Qwest Field,1:15 PM,2:15 PM,3:15 PM,4:15 PM,4:15 PM,5:15 PM,6:15 PM,7:15 PM,www.MySportsCal.com,FREE,NFL2012,Rams ,Seahawks,sun
12/30/2012,12/30/2012,NFL Week 17:  Browns @ Steelers,Heinz Field,10:00 AM,11:00 AM,12:00 PM,1:00 PM,1:00 PM,2:00 PM,3:00 PM,4:00 PM,www.MySportsCal.com,FREE,NFL2012,Browns ,Steelers,sun
12/30/2012,12/30/2012,NFL Week 17:  Jaguars @ Titans,LP Field,10:00 AM,11:00 AM,12:00 PM,1:00 PM,1:00 PM,2:00 PM,3:00 PM,4:00 PM,www.MySportsCal.com,FREE,NFL2012,Jaguars ,Titans,sun
12/30/2012,12/30/2012,NFL Week 17:  Packers @ Vikings,Mall of America Field,10:00 AM,11:00 AM,12:00 PM,1:00 PM,1:00 PM,2:00 PM,3:00 PM,4:00 PM,www.MySportsCal.com,FREE,NFL2012,Packers ,Vikings,sun
